modele,cv_roc_auc_mean,cv_recall_mean,cv_f1_mean,cv_precision_mean,test_roc_auc,test_accuracy,test_precision,test_recall,test_f1,temps_entrainement_secondes
LogisticRegression,0.7571987090079878,0.6707651009121598,0.32557781014584436,0.21496083760381832,0.7500327525219441,0.5325,0.16498625114573787,0.8823529411764706,0.277992277992278,0.46185069996863604
XGBoost,0.7774891198162108,0.6327389930331107,0.3542093124714099,0.24597602920143247,0.7843246429975108,0.6705,0.21526908635794745,0.8431372549019608,0.34297108673978066,9.23926019994542
RandomForest,0.7951464011496873,0.15787276449041154,0.2041254882817366,0.2910873816457744,0.7980015502860387,0.7445,0.25902668759811615,0.8088235294117647,0.3923900118906064,16.564007900014985
DeepLearning,0.6450973211658523,0.2056264813617755,0.20736364569201535,0.20914632118319995,0.699318201668195,0.83,0.2571428571428571,0.35294117647058826,0.2975206611570248,16.590804400038905
